{"coinNum":0,"diamondNum":0,"PosX":0.0,"PosY":-3.859999895095825,"enemyPosX":[3.5580151081085207,-3.064706325531006,2.659546375274658],"enemyPosY":[3.0,3.0224366188049318,2.9999356269836427],"isDead":[false,false,false]}